carnet,nombre,contrase√±a
201284666,Isabella Weber,6OAtts#68ysE
201154386,Natalia Romero,xSY0U6!XU6Kv
201834323,Landon Dominguez,jfIXb85goT1j
201502132,Samantha Nguyen,FzFVpfi#1GRl
201268474,Julian Lewis,Z1dxNvL$90Qe
201295325,Camila Pacheco,rUh8q3WwGh1L
201624655,Ethan Johnson,8KFfjZuG7Vhs
201902201,Emma Smith,8kn%!wNLcVXM
201845056,Jacob Smith,r0ZtO5XtY5Da
201510233,Olivia Clark,HwFn7E$5vRxb
201052784,Michaela Castro,bg40fY&rsSsp
201733437,Madison Santos,2oEG4Dvu4xqK
201181267,Mason Evans,9vU6suPQ6Bpy
201082516,Elizabeth Perkins,1pBnT%&UZB6X
201834501,Jonathan Martin,xQ0z#wyVLwmp
201775582,Liam Perez,7c%Z1dWs9bYi
201105167,Abigail Wilson,bhAe2Ql#A4ez
201609356,Noah Hernandez,2tPmYm&5rW3c
201742965,Aaliyah Moore,d$L12RnW7zkG
201858402,Evelyn Gomez,E1pLW7Nc0TnU
201429023,Carter Davis,GpJ6z!rIcE03
201148052,Victoria Mendoza,jGJfA7$DdK34
201586983,William Reyes,H5Ox#XeS9pgm
201276462,Grace Lee,4gRhJtLmW8uz
201582921,Sofia Brown,9tM%W8fj3yNq
201320406,Elijah Flores,W7Rt1vD$6JpL
201119722,Isabelle Sanchez,Lq#3GgKw2iCh
201228103,Alexander Taylor,9xL5gXaS4pKj
201783682,Chloe Anderson,4nEz%hF6vAfx
201936870,Miles Martin,1YmG2Qs&Kjux
201923235,Avery Williams,8fAqU1xG0jkr
201294710,Emily Thompson,XyT6$rFw6maK
201342579,Gabriel Jackson,GxK6zrJr1BYC
201210026,Hazel Brown,gK7jM#Dq8xCf
201617256,Aiden Garcia,9uQfR8Vv0nLb
201322666,Ashley Davis,8bZj$RvCp0WL
201576540,Mason Williams,3iFv#zVw2fQd
201382932,Lila Davis,9xG5z$SfKtWm
201459942,Caleb Jackson,4tA1nZgW5ufJ
201824446,Mia Clark,9pKfW$Dv4
